{
  "project_info": {
    "project_number": "535548410493",
    "firebase_url": "https://clap-62b84.firebaseio.com",
    "project_id": "clap-62b84",
    "storage_bucket": "clap-62b84.appspot.com"
  },
  "client": [
    {
      "client_info": {
        "mobilesdk_app_id": "1:535548410493:android:71c5602788dd9059610f14",
        "android_client_info": {
          "package_name": "com.zartek.clap"
        }
      },
      "oauth_client": [
        {
          "client_id": "535548410493-08v6usi9dbaiqrov9v5ua6n00rg5lqe8.apps.googleusercontent.com",
          "client_type": 1,
          "android_info": {
            "package_name": "com.zartek.clap",
            "certificate_hash": "0aa6694b82f6af80bea8a32b24d7512654af98f5"
          }
        },
        {
          "client_id": "535548410493-d4tbo3cu6vmksbvpnb5cd91eq1q5hau4.apps.googleusercontent.com",
          "client_type": 1,
          "android_info": {
            "package_name": "com.zartek.clap",
            "certificate_hash": "3b5338e52d264dccf22cdad2133e58d3574d6f05"
          }
        },
        {
          "client_id": "535548410493-fsauml5i4j3mslk6f49i2s99nfavq2su.apps.googleusercontent.com",
          "client_type": 1,
          "android_info": {
            "package_name": "com.zartek.clap",
            "certificate_hash": "f86a435ac2a5db5ea5cdd387bff57676fa9fa74c"
          }
        },
        {
          "client_id": "535548410493-krn3dujgcsiol3au3383rvm8eei8b15b.apps.googleusercontent.com",
          "client_type": 3
        }
      ],
      "api_key": [
        {
          "current_key": "AIzaSyCdO5vqUT1Lnpb6EfsGvcT8kLJ28drki0k"
        }
      ],
      "services": {
        "appinvite_service": {
          "other_platform_oauth_client": [
            {
              "client_id": "535548410493-krn3dujgcsiol3au3383rvm8eei8b15b.apps.googleusercontent.com",
              "client_type": 3
            },
            {
              "client_id": "535548410493-flp7ee6ibg5m9hj7p449hm8t1qk7fv68.apps.googleusercontent.com",
              "client_type": 2,
              "ios_info": {
                "bundle_id": "com.zartek.clap"
              }
            }
          ]
        }
      }
    }
  ],
  "configuration_version": "1"
}